,LBS_CO2_PER_KWH,Solar Thermal and Photovoltaic,Wind,Other Biomass,Coal,Nuclear,Wood and Wood Derived Fuels,Hydroelectric Conventional,Other Gases,Other,Natural Gas,Petroleum,Geothermal,Total
AL,0.764,0.003,0.0,0.0,0.188,0.323,0.023,0.081,0.0,0.0,0.381,0.0,0.0,0.999
AK,0.977,0.0,0.02,0.006,0.114,0.0,0.0,0.256,0.0,-0.001,0.468,0.137,0.0,1.0
AZ,0.695,0.062,0.015,0.0,0.132,0.291,0.002,0.055,0.0,-0.0,0.442,0.0,0.0,0.9990000000000001
AR,1.091,0.008,0.0,0.001,0.351,0.222,0.013,0.066,0.0,0.0,0.338,0.001,0.0,1.0
CA,0.461,0.177,0.077,0.013,0.001,0.084,0.014,0.074,0.007,0.003,0.494,0.0,0.056,1.0
CO,1.159,0.03,0.266,0.001,0.415,0.0,0.002,0.028,0.0,0.001,0.256,0.0,0.0,0.999
CT,0.542,0.006,0.0,0.011,0.006,0.391,0.006,0.011,0.0,0.013,0.556,0.001,0.0,1.001
DC,0.588,0.087,0.0,0.264,0.0,0.0,0.0,0.0,0.0,0.0,0.649,0.0,0.0,1.0
DE,0.967,0.013,0.001,0.017,0.064,0.0,0.0,0.0,0.033,0.0,0.867,0.004,0.0,0.999
FL,0.869,0.037,0.0,0.008,0.075,0.114,0.009,0.001,0.0,0.011,0.741,0.005,0.0,1.001
GA,0.761,0.039,0.0,0.003,0.154,0.273,0.044,0.029,0.0,0.001,0.456,0.001,0.0,1.0
HI,1.771,0.055,0.072,0.031,0.118,0.0,0.0,0.013,0.0,0.021,0.0,0.67,0.02,1.0
ID,0.275,0.034,0.159,0.006,0.001,0.0,0.023,0.475,0.0,0.004,0.293,0.0,0.006,1.001
IL,0.637,0.003,0.105,0.002,0.238,0.534,0.0,0.001,0.001,0.001,0.114,0.0,0.0,0.999
IN,1.587,0.006,0.083,0.005,0.578,0.0,0.0,0.004,0.024,0.005,0.293,0.001,0.0,0.999
IA,0.825,0.003,0.552,0.003,0.329,0.0,0.0,0.015,0.0,-0.0,0.096,0.002,0.0,1.0
KS,0.814,0.001,0.454,0.001,0.343,0.151,0.0,0.001,0.0,0.0,0.047,0.003,0.0,1.0010000000000001
KY,1.782,0.001,0.0,0.002,0.713,0.0,0.004,0.07,0.0,0.001,0.208,0.001,0.0,1.0
LA,0.878,0.001,0.0,0.001,0.08,0.175,0.021,0.011,0.018,0.006,0.648,0.039,0.0,1.0
ME,0.34,0.014,0.233,0.009,0.005,0.0,0.171,0.233,0.0,0.025,0.307,0.003,0.0,1.0
MD,0.655,0.017,0.014,0.01,0.135,0.392,0.0,0.055,0.0,0.01,0.366,0.002,0.0,1.0010000000000001
MA,0.791,0.082,0.011,0.046,0.0,0.0,0.004,0.057,0.0,0.047,0.771,0.004,0.0,1.022
MI,0.988,0.004,0.067,0.008,0.321,0.297,0.013,0.012,0.01,0.001,0.264,0.01,0.0,1.0070000000000001
MN,0.802,0.032,0.207,0.005,0.266,0.239,0.016,0.011,0.0,0.005,0.216,0.002,0.0,0.999
MS,0.833,0.006,0.0,0.0,0.082,0.174,0.02,0.0,0.0,0.0,0.718,0.0,0.0,1.0
MO,1.755,0.002,0.085,0.001,0.752,0.056,0.001,0.022,0.0,0.0,0.079,0.003,0.0,1.001
MT,1.051,0.001,0.139,0.0,0.436,0.0,0.001,0.371,0.001,0.011,0.021,0.018,0.0,0.9990000000000001
NE,1.143,0.002,0.253,0.002,0.499,0.181,0.0,0.03,0.0,-0.0,0.031,0.001,0.0,0.9990000000000001
NV,0.716,0.158,0.008,0.001,0.066,0.0,0.0,0.047,0.0,0.001,0.626,0.0,0.094,1.0010000000000001
NH,0.288,0.0,0.029,0.008,0.017,0.573,0.046,0.06,0.0,0.003,0.26,0.004,0.0,1.0
NJ,0.495,0.022,0.0,0.012,0.017,0.458,0.0,0.0,0.001,0.01,0.481,0.001,0.0,1.0019999999999998
NM,1.056,0.05,0.301,0.001,0.356,0.0,0.0,0.003,0.0,-0.0,0.287,0.001,0.001,1.0
NY,0.437,0.009,0.033,0.012,0.0,0.25,0.004,0.23,0.0,0.008,0.452,0.006,0.0,1.004
NC,0.687,0.078,0.004,0.004,0.157,0.332,0.011,0.045,0.0,0.002,0.365,0.001,0.0,0.999
ND,1.303,0.0,0.347,0.0,0.567,0.0,0.0,0.046,0.001,0.001,0.037,0.001,0.0,1.0
OH,1.241,0.005,0.021,0.003,0.363,0.139,0.002,0.005,0.006,0.0,0.448,0.009,0.0,1.001
OK,0.69,0.001,0.403,0.001,0.139,0.0,0.003,0.034,0.0,0.0,0.419,0.0,0.0,1.0
OR,0.318,0.024,0.154,0.005,0.0,0.0,0.011,0.453,0.0,0.001,0.349,0.0,0.003,1.0
PA,0.757,0.001,0.014,0.006,0.121,0.315,0.002,0.013,0.002,0.004,0.525,0.001,0.0,1.004
RI,0.842,0.03,0.018,0.022,0.0,0.0,0.0,0.0,0.0,0.0,0.927,0.001,0.0,0.9980000000000001
SC,0.559,0.023,0.0,0.001,0.154,0.547,0.019,0.026,0.0,0.0,0.236,0.001,0.0,1.0070000000000001
SD,0.285,0.0,0.538,0.0,0.095,0.0,0.001,0.288,0.0,0.0,0.076,0.002,0.0,0.9999999999999999
TN,0.678,0.004,0.0,0.001,0.231,0.447,0.008,0.138,0.0,0.0,0.177,0.001,0.0,1.007
TX,0.857,0.031,0.206,0.001,0.184,0.083,0.002,0.002,0.005,0.001,0.484,0.001,0.0,1.0
UT,1.619,0.082,0.019,0.002,0.62,0.0,0.0,0.012,0.0,0.004,0.251,0.001,0.01,1.001
VT,0.005,0.082,0.16,0.029,0.0,0.0,0.207,0.518,0.0,0.001,0.001,0.001,0.0,0.999
VA,0.618,0.035,0.001,0.011,0.035,0.306,0.028,0.014,0.0,0.006,0.574,0.004,0.0,1.014
WA,0.202,0.0,0.084,0.001,0.028,0.077,0.013,0.644,0.002,0.001,0.15,0.0,0.0,1.0
WV,2.064,0.0,0.025,0.0,0.906,0.0,0.0,0.026,0.001,-0.0,0.04,0.003,0.0,1.0010000000000001
WI,1.264,0.006,0.025,0.006,0.427,0.155,0.01,0.033,0.0,0.0,0.332,0.005,0.0,0.999
WY,1.688,0.004,0.194,0.0,0.737,0.0,0.0,0.018,0.008,0.002,0.035,0.001,0.0,0.9990000000000001
